Index,Label
0,5
1,1
2,2
3,3
4,4
5,1
6,2
7,5
8,3
9,3
10,5
11,5
12,3
13,1
14,3
15,1
16,3
17,1
18,3
19,4
20,2
21,3
22,5
23,3
24,4
25,3
26,4
27,4
28,5
29,1
30,4
31,3
32,3
33,1
34,3
35,5
36,2
37,5
38,3
39,3
40,3
41,3
42,3
43,4
44,1
45,3
46,1
47,5
48,2
49,2
50,2
51,2
52,1
53,1
54,3
55,2
56,2
57,1
58,1
59,3
60,2
61,3
62,4
63,5
64,3
65,4
66,2
67,4
68,4
69,1
70,5
71,1
72,3
73,1
74,5
75,4
76,1
77,5
78,5
79,3
80,2
81,2
82,1
83,2
84,2
85,1
86,5
87,5
88,3
89,4
90,5
91,1
92,4
93,5
94,5
95,3
96,4
97,3
98,3
99,1
100,5
101,3
102,1
103,3
104,3
105,3
106,1
107,4
108,1
109,3
110,3
111,4
112,4
113,3
114,4
115,4
116,1
117,4
118,5
119,3
120,1
121,5
122,3
123,3
124,3
125,4
126,4
127,5
128,3
129,5
130,2
131,4
132,1
133,2
134,1
135,4
136,2
137,3
138,3
139,4
140,4
141,1
142,3
143,1
144,3
145,5
146,1
147,1
148,5
149,2
150,4
151,3
152,5
153,4
154,4
155,2
156,4
157,3
158,4
159,4
160,4
161,5
162,3
163,2
164,1
165,3
166,5
167,5
168,1
169,2
170,5
171,3
172,3
173,3
174,2
175,2
176,3
177,5
178,3
179,4
180,3
181,1
182,3
183,3
184,1
185,4
186,3
187,1
188,3
189,3
190,3
191,1
192,5
193,1
194,5
195,4
196,1
197,3
198,3
199,1
200,1
201,3
202,2
203,3
204,5
205,4
206,5
207,3
208,3
209,3
210,1
211,4
212,1
213,1
214,2
215,4
216,3
217,1
218,3
219,1
220,4
221,4
222,1
223,5
224,1
225,2
226,5
227,1
228,4
229,3
230,1
231,3
232,3
233,5
234,3
235,5
236,3
237,5
238,1
239,2
240,5
241,5
242,3
243,2
244,4
245,3
246,2
247,3
248,3
249,4
250,2
251,2
252,3
253,5
254,5
255,5
256,5
257,4
258,5
259,1
260,3
261,5
262,3
263,3
264,3
265,3
266,2
267,5
268,4
269,3
270,3
271,4
272,3
273,4
274,2
275,5
276,3
277,4
278,1
279,1
280,3
281,3
282,5
283,1
284,3
285,1
286,3
287,1
288,3
289,5
290,4
291,2
292,1
293,5
294,5
295,5
296,5
297,4
298,5
299,1
300,1
301,1
302,4
303,5
304,1
305,4
306,3
307,3
308,1
309,5
310,1
311,4
312,5
313,2
314,1
315,5
316,4
317,5
318,3
319,3
320,5
321,5
322,1
323,3
324,5
325,1
326,3
327,2
328,3
329,4
330,1
331,3
332,3
333,1
334,5
335,3
336,3
337,5
338,5
339,2
340,4
341,5
342,4
343,3
344,1
345,1
346,3
347,2
348,1
349,4
350,4
351,5
352,5
353,1
354,5
355,5
356,1
357,4
358,5
359,2
360,4
361,3
362,4
363,5
364,2
365,5
366,3
367,3
368,4
369,4
370,5
371,5
372,5
373,3
374,3
375,3
376,4
377,4
378,5
379,1
380,5
381,5
382,3
383,3
384,2
385,4
386,2
387,5
388,3
389,3
390,2
391,1
392,4
393,4
394,3
395,4
396,3
397,5
398,3
399,2
400,1
401,3
402,5
403,4
404,5
405,4
406,3
407,1
408,1
409,4
410,4
411,2
412,3
413,2
414,4
415,4
416,1
417,4
418,5
419,1
420,3
421,5
422,1
423,4
424,3
425,5
426,5
427,4
428,4
429,4
430,3
431,4
432,5
433,5
434,5
435,5
436,1
437,4
438,5
439,4
440,1
441,3
442,3
443,5
444,3
445,1
446,5
447,1
448,4
449,2
450,5
451,4
452,5
453,3
454,4
455,4
456,5
457,3
458,4
459,1
460,5
461,2
462,4
463,4
464,4
465,3
466,3
467,1
468,3
469,4
470,3
471,5
472,2
473,2
474,4
475,3
476,5
477,4
478,3
479,2
480,4
481,3
482,3
483,1
484,1
485,1
486,1
487,5
488,3
489,1
490,3
491,5
492,5
493,1
494,1
495,4
496,5
497,5
498,4
499,1
500,1
501,4
502,1
503,3
504,1
505,3
506,5
507,5
508,3
509,2
510,5
511,1
512,1
513,1
514,1
515,3
516,1
517,3
518,3
519,2
520,5
521,5
522,5
523,4
524,5
525,4
526,1
527,1
528,5
529,5
530,3
531,3
532,1
533,2
534,3
535,3
536,1
537,3
538,2
539,4
540,5
541,5
542,3
543,1
544,3
545,1
546,1
547,3
548,1
549,3
550,1
551,2
552,5
553,5
554,4
555,1
556,4
557,5
558,4
559,3
560,5
561,4
562,2
563,2
564,2
565,2
566,2
567,5
568,5
569,4
570,3
571,3
572,3
573,3
574,2
575,5
576,5
577,5
578,2
579,4
580,4
581,4
582,3
583,1
584,5
585,3
586,3
587,1
588,2
589,1
590,4
591,3
592,1
593,5
594,3
595,3
596,1
597,1
598,5
599,1
600,3
601,2
602,3
603,1
604,3
605,4
606,4
607,5
608,4
609,2
610,1
611,3
612,4
613,3
614,3
615,4
616,4
617,4
618,3
619,4
620,1
621,4
622,3
623,3
624,3
625,4
626,5
627,4
628,1
629,4
630,2
631,3
632,2
633,4
634,1
635,4
636,2
637,4
638,5
639,5
640,5
641,5
642,3
643,1
644,4
645,5
646,3
647,3
648,4
649,4
650,3
651,5
652,3
653,3
654,5
655,3
656,5
657,1
658,2
659,2
660,2
661,3
662,4
663,4
664,5
665,4
666,1
667,4
668,1
669,5
670,1
671,3
672,4
673,1
674,5
675,3
676,5
677,3
678,1
679,4
680,3
681,4
682,4
683,3
684,4
685,4
686,5
687,4
688,2
689,4
690,4
691,3
692,4
693,3
694,1
695,1
696,4
697,2
698,4
699,1
700,4
701,4
702,3
703,5
704,3
705,3
706,2
707,3
708,5
709,2
710,4
711,3
712,3
713,5
714,1
715,1
716,3
717,5
718,3
719,1
720,2
721,1
722,1
723,5
724,5
725,4
726,2
727,3
728,5
729,3
730,5
731,2
732,3
733,1
734,1
735,5
736,4
737,1
738,3
739,4
740,4
741,1
742,4
743,4
744,5
745,4
746,5
747,2
748,1
749,1
750,3
751,3
752,3
753,3
754,1
755,2
756,5
757,1
758,5
759,2
760,1
761,4
762,1
763,2
764,4
765,4
766,5
767,4
768,4
769,4
770,5
771,2
772,5
773,1
774,3
775,2
776,4
777,3
778,3
779,1
780,3
781,1
782,1
783,4
784,1
785,4
786,4
787,5
788,2
789,5
790,5
791,4
792,5
793,4
794,4
795,5
796,5
797,1
798,1
799,4
800,4
801,1
802,2
803,3
804,3
805,4
806,1
807,3
808,3
809,4
810,3
811,1
812,2
813,5
814,3
815,3
816,5
817,5
818,3
819,3
820,4
821,1
822,1
823,4
824,5
825,4
826,3
827,1
828,5
829,2
830,3
831,5
832,4
833,3
834,3
835,3
836,4
837,2
838,3
839,2
840,1
841,5
842,4
843,1
844,3
845,5
846,3
847,4
848,4
849,4
850,1
851,3
852,3
853,2
854,2
855,3
856,2
857,1
858,1
859,3
860,4
861,1
862,3
863,4
864,3
865,3
866,3
867,4
868,5
869,3
870,4
871,2
872,4
873,2
874,1
875,3
876,1
877,1
878,4
879,4
880,4
881,2
882,3
883,5
884,5
885,5
886,2
887,2
888,2
889,4
890,3
891,4
892,4
893,5
894,4
895,2
896,5
897,5
898,3
899,5
900,2
901,2
902,4
903,3
904,5
905,1
906,5
907,1
908,1
909,2
910,5
911,1
912,1
913,5
914,4
915,3
916,2
917,3
918,4
919,2
920,4
921,5
922,5
923,3
924,3
925,5
926,3
927,5
928,4
929,5
930,4
931,4
932,5
933,3
934,5
935,2
936,5
937,4
938,1
939,3
940,3
941,3
942,1
943,3
944,2
945,3
946,3
947,5
948,2
949,2
950,1
951,3
952,5
953,3
954,3
955,5
956,4
957,4
958,1
959,3
960,5
961,5
962,2
963,1
964,3
965,3
966,5
967,1
968,4
969,5
970,3
971,4
972,4
973,5
974,5
975,5
976,5
977,3
978,5
979,4
980,4
981,1
982,5
983,3
984,5
985,5
986,1
987,2
988,1
989,5
990,5
991,4
992,1
993,3
994,2
995,1
996,5
997,1
998,4
999,4
1000,4
1001,3
1002,4
1003,5
1004,1
1005,5
1006,3
1007,1
1008,4
1009,3
1010,1
1011,3
1012,1
1013,5
1014,3
1015,4
1016,3
1017,3
1018,4
1019,4
1020,3
1021,4
1022,3
1023,1
1024,5
1025,1
1026,1
1027,5
1028,1
1029,2
1030,4
1031,4
1032,5
1033,1
1034,1
1035,3
1036,5
1037,2
1038,5
1039,5
1040,5
1041,1
1042,2
1043,4
1044,3
1045,3
1046,3
1047,1
1048,2
1049,5
1050,1
1051,2
1052,4
1053,2
1054,4
1055,4
1056,2
1057,1
1058,5
1059,2
1060,4
1061,3
1062,2
1063,4
1064,5
1065,2
1066,1
1067,5
1068,4
1069,3
1070,4
1071,5
1072,3
1073,4
1074,4
1075,2
1076,5
1077,5
1078,3
1079,3
1080,1
1081,3
1082,3
1083,3
1084,5
1085,3
1086,2
1087,3
1088,5
1089,4
1090,4
1091,2
1092,1
1093,1
1094,4
1095,1
1096,5
1097,5
1098,3
1099,4
1100,2
1101,1
1102,5
1103,2
1104,1
1105,4
1106,3
1107,4
1108,1
1109,1
1110,1
1111,5
1112,5
1113,3
1114,2
1115,1
1116,5
1117,1
1118,3
1119,1
1120,3
1121,2
1122,1
1123,2
1124,2
1125,5
1126,2
1127,1
1128,5
1129,5
1130,5
1131,1
1132,2
1133,1
1134,5
1135,1
1136,1
1137,2
1138,5
1139,2
1140,5
1141,4
1142,3
1143,2
1144,5
1145,5
1146,3
1147,1
1148,4
1149,3
1150,3
1151,1
1152,2
1153,2
1154,2
1155,3
1156,1
1157,3
1158,3
1159,3
1160,4
1161,3
1162,3
1163,2
1164,3
1165,1
1166,1
1167,5
1168,2
1169,2
1170,3
1171,2
1172,1
1173,5
1174,1
1175,3
1176,3
1177,1
1178,5
1179,3
1180,1
1181,1
1182,3
1183,3
1184,3
1185,4
1186,4
1187,3
1188,2
1189,1
1190,1
1191,4
1192,4
1193,1
1194,1
1195,5
1196,1
1197,2
1198,1
1199,1
1200,2
1201,1
1202,1
1203,3
1204,3
1205,1
1206,1
1207,1
1208,3
1209,4
1210,3
1211,4
1212,3
1213,1
1214,1
1215,3
1216,3
1217,4
1218,5
1219,5
1220,3
1221,3
1222,3
1223,5
1224,3
1225,3
1226,1
1227,1
1228,5
1229,1
1230,3
1231,5
1232,4
1233,5
1234,1
1235,2
1236,1
1237,3
1238,3
1239,4
1240,3
1241,4
1242,4
1243,2
1244,1
1245,3
1246,1
1247,3
1248,1
1249,4
1250,2
1251,3
1252,3
1253,5
1254,1
1255,1
1256,3
1257,3
1258,4
1259,1
1260,4
1261,3
1262,4
1263,1
1264,5
1265,5
1266,1
1267,5
1268,5
1269,2
1270,4
1271,5
1272,4
1273,2
1274,3
1275,4
1276,5
1277,5
1278,1
1279,2
1280,3
1281,1
1282,1
1283,4
1284,4
1285,5
1286,4
1287,3
1288,3
1289,2
1290,2
1291,5
1292,1
1293,3
1294,3
1295,1
1296,4
1297,3
1298,5
1299,3
1300,5
1301,1
1302,4
1303,3
1304,3
1305,1
1306,2
1307,5
1308,3
1309,1
1310,2
1311,5
1312,3
1313,3
1314,5
1315,3
1316,3
1317,4
1318,4
1319,5
1320,3
1321,1
1322,4
1323,5
1324,5
1325,5
1326,5
1327,5
1328,1
1329,4
1330,1
1331,3
1332,1
1333,4
1334,1
1335,5
1336,2
1337,3
1338,5
1339,4
1340,4
1341,2
1342,4
1343,5
1344,1
1345,4
1346,1
1347,3
1348,5
1349,4
1350,5
1351,4
1352,5
1353,4
1354,3
1355,5
1356,4
1357,4
1358,3
1359,1
1360,4
1361,2
1362,3
1363,4
1364,5
1365,5
1366,1
1367,1
1368,1
1369,1
1370,3
1371,5
1372,1
1373,2
1374,4
1375,1
1376,2
1377,5
1378,1
1379,3
1380,4
1381,3
1382,3
1383,5
1384,3
1385,1
1386,1
1387,2
1388,3
1389,1
1390,4
1391,4
1392,4
1393,2
1394,5
1395,4
1396,1
1397,2
1398,4
1399,1
1400,3
1401,2
1402,1
1403,4
1404,4
1405,4
1406,3
1407,3
1408,5
1409,5
1410,3
1411,2
1412,1
1413,1
1414,3
1415,3
1416,4
1417,2
1418,2
1419,4
1420,3
1421,2
1422,5
1423,3
1424,3
1425,4
1426,1
1427,5
1428,4
1429,3
1430,1
1431,5
1432,5
1433,1
1434,3
1435,3
1436,4
1437,5
1438,5
1439,1
1440,1
1441,4
1442,3
1443,3
1444,4
1445,4
1446,3
1447,1
1448,3
1449,4
1450,1
1451,2
1452,5
1453,5
1454,4
1455,4
1456,2
1457,5
1458,5
1459,3
1460,3
1461,1
1462,1
1463,3
1464,2
1465,1
1466,5
1467,2
1468,3
1469,5
1470,1
1471,1
1472,4
1473,2
1474,5
1475,4
1476,4
1477,5
1478,3
1479,3
1480,4
1481,5
1482,4
1483,1
1484,3
1485,5
1486,4
1487,1
1488,3
1489,3
1490,5
1491,5
1492,3
1493,3
1494,5
1495,3
1496,4
1497,2
1498,3
1499,3
1500,4
1501,3
1502,2
1503,3
1504,5
1505,3
1506,2
1507,1
1508,4
1509,5
1510,3
1511,1
1512,4
1513,1
1514,5
1515,5
1516,2
1517,3
1518,4
1519,5
1520,4
1521,3
1522,3
1523,3
1524,2
1525,3
1526,1
1527,3
1528,3
1529,3
1530,3
1531,2
1532,1
1533,4
1534,4
1535,4
1536,5
1537,1
1538,1
1539,5
1540,3
1541,1
1542,3
1543,4
1544,3
1545,5
1546,1
1547,2
1548,3
1549,3
1550,3
1551,1
1552,3
1553,3
1554,5
1555,5
1556,4
1557,5
1558,2
1559,4
1560,4
1561,1
1562,4
1563,1
1564,1
1565,1
1566,1
1567,3
1568,3
1569,5
1570,3
1571,5
1572,4
1573,4
1574,4
1575,3
1576,3
1577,5
1578,1
1579,4
1580,3
1581,3
1582,2
1583,4
1584,1
1585,5
1586,3
1587,4
1588,3
1589,3
1590,5
1591,1
1592,5
1593,5
1594,5
1595,3
1596,3
1597,2
1598,1
1599,3
1600,5
1601,1
1602,1
1603,1
1604,2
1605,3
1606,2
1607,3
1608,1
1609,4
1610,3
1611,1
1612,1
1613,1
1614,3
1615,4
1616,5
1617,1
1618,2
1619,4
1620,1
1621,4
1622,3
1623,3
1624,1
1625,5
1626,3
1627,1
1628,2
1629,4
1630,3
1631,3
1632,2
1633,5
1634,3
1635,4
1636,5
1637,2
1638,5
1639,3
1640,3
1641,3
1642,1
1643,4
1644,1
1645,1
1646,4
1647,3
1648,2
1649,4
1650,4
1651,1
1652,2
1653,3
1654,5
1655,3
1656,4
1657,2
1658,4
1659,5
1660,3
1661,3
1662,4
1663,2
1664,2
1665,4
1666,4
1667,2
1668,5
1669,4
1670,2
1671,4
1672,5
1673,3
1674,5
1675,1
1676,1
1677,4
1678,4
1679,1
1680,5
1681,2
1682,3
1683,3
1684,5
1685,5
1686,4
1687,3
1688,5
1689,1
1690,3
1691,1
1692,3
1693,2
1694,1
1695,1
1696,5
1697,3
1698,3
1699,5
1700,5
1701,1
1702,3
1703,4
1704,3
1705,1
1706,3
1707,4
1708,4
1709,4
1710,5
1711,3
1712,5
1713,3
1714,3
1715,1
1716,3
1717,1
1718,3
1719,4
1720,5
1721,2
1722,5
1723,5
1724,3
1725,1
1726,5
1727,5
1728,4
1729,1
1730,2
1731,5
1732,1
1733,1
1734,2
1735,2
1736,4
1737,2
1738,3
1739,3
1740,2
1741,1
1742,3
1743,3
1744,1
1745,4
1746,1
1747,5
1748,3
1749,3
1750,1
1751,5
1752,5
1753,2
1754,3
1755,4
1756,3
1757,5
1758,5
1759,5
1760,1
1761,2
1762,5
1763,5
1764,3
1765,4
1766,3
1767,3
1768,2
1769,5
1770,4
1771,2
1772,1
1773,2
1774,2
1775,1
1776,4
1777,2
1778,3
1779,4
1780,3
1781,3
1782,2
1783,4
1784,3
1785,5
1786,5
1787,2
1788,4
1789,5
1790,3
1791,4
1792,1
1793,1
1794,4
1795,5
1796,2
1797,1
1798,2
1799,4
1800,5
1801,2
1802,4
1803,5
1804,5
1805,4
1806,1
1807,4
1808,2
1809,3
1810,5
1811,3
1812,4
1813,2
1814,5
1815,5
1816,3
1817,1
1818,4
1819,5
1820,2
1821,1
1822,2
1823,2
1824,4
1825,4
1826,5
1827,3
1828,4
1829,4
1830,4
1831,1
1832,4
1833,2
1834,1
1835,3
1836,5
1837,3
1838,2
1839,4
1840,2
1841,1
1842,5
1843,3
1844,1
1845,4
1846,4
1847,3
1848,3
1849,5
1850,5
1851,1
1852,4
1853,1
1854,5
1855,3
1856,1
1857,3
1858,5
1859,1
1860,1
1861,5
1862,1
1863,3
1864,4
1865,2
1866,2
1867,1
1868,1
1869,5
1870,1
1871,3
1872,4
1873,3
1874,3
1875,3
1876,1
1877,5
1878,5
1879,5
1880,2
1881,1
1882,5
1883,4
1884,1
1885,2
1886,5
1887,3
1888,5
1889,2
1890,3
1891,2
1892,1
1893,5
1894,1
1895,2
1896,3
1897,3
1898,5
1899,4
1900,3
1901,4
1902,3
1903,1
1904,1
1905,1
1906,2
1907,2
1908,1
1909,3
1910,3
1911,5
1912,5
1913,5
1914,1
1915,2
1916,1
1917,3
1918,4
1919,4
1920,5
1921,5
1922,1
1923,2
1924,4
1925,4
1926,4
1927,2
1928,1
1929,2
1930,3
1931,4
1932,5
1933,5
1934,3
1935,5
1936,2
1937,5
1938,4
1939,5
1940,1
1941,4
1942,1
1943,2
1944,2
1945,4
1946,3
1947,1
1948,3
1949,4
1950,1
1951,3
1952,5
1953,5
1954,1
1955,4
1956,3
1957,4
1958,5
1959,2
1960,3
1961,5
1962,5
1963,1
1964,4
1965,2
1966,4
1967,5
1968,2
1969,5
1970,2
1971,2
1972,1
1973,4
1974,3
1975,4
1976,3
1977,1
1978,1
1979,1
1980,1
1981,3
1982,3
1983,4
1984,1
1985,4
1986,1
1987,3
1988,4
1989,3
1990,2
1991,1
1992,3
1993,4
1994,5
1995,2
1996,4
1997,1
1998,1
1999,5
2000,1
2001,4
2002,3
2003,4
2004,4
2005,1
2006,1
2007,3
2008,3
2009,1
2010,5
2011,3
2012,3
2013,1
2014,5
2015,3
2016,2
2017,5
2018,4
2019,4
2020,3
2021,3
2022,4
2023,3
2024,3
2025,4
2026,5
2027,3
2028,4
2029,3
2030,2
2031,4
2032,3
2033,5
2034,3
2035,1
2036,2
2037,3
2038,4
2039,3
2040,4
2041,2
2042,3
2043,2
2044,1
2045,4
2046,4
2047,2
2048,3
2049,1
2050,3
2051,4
2052,4
2053,5
2054,5
2055,3
2056,1
2057,1
2058,4
2059,5
2060,4
2061,5
2062,3
2063,1
2064,3
2065,3
2066,3
2067,2
2068,1
2069,4
2070,3
2071,4
2072,3
2073,5
2074,3
2075,4
2076,2
2077,1
2078,1
2079,4
2080,1
2081,5
2082,3
2083,1
2084,3
2085,4
2086,5
2087,2
2088,2
2089,1
2090,2
2091,5
2092,3
2093,5
2094,1
2095,5
2096,1
2097,5
2098,3
2099,4
2100,1
2101,3
2102,5
2103,5
2104,4
2105,5
2106,4
2107,4
2108,4
2109,5
2110,2
2111,5
2112,5
2113,4
2114,3
2115,5
2116,5
2117,5
2118,5
2119,5
2120,5
2121,5
2122,4
2123,3
2124,4
2125,5
2126,3
2127,3
2128,4
2129,5
2130,3
2131,4
2132,3
2133,5
2134,2
2135,2
2136,4
2137,2
2138,4
2139,2
2140,3
2141,3
2142,1
2143,3
2144,3
2145,5
2146,3
2147,3
2148,5
2149,3
2150,1
2151,1
2152,1
2153,5
2154,2
2155,3
2156,4
2157,3
2158,5
2159,2
2160,1
2161,2
2162,5
2163,3
2164,2
2165,3
2166,5
2167,3
2168,3
2169,5
2170,5
2171,2
2172,5
2173,3
2174,5
2175,4
2176,1
2177,3
2178,1
2179,3
2180,4
2181,5
2182,4
2183,3
2184,5
2185,3
2186,1
2187,5
2188,4
2189,1
2190,1
2191,3
2192,2
2193,1
2194,4
2195,4
2196,5
2197,4
2198,4
2199,5
2200,1
2201,5
2202,1
2203,3
2204,5
2205,1
2206,3
2207,5
2208,5
2209,3
2210,4
2211,4
2212,2
2213,5
2214,2
2215,5
2216,3
2217,4
2218,2
2219,4
2220,4
2221,5
2222,3
2223,1
2224,4
2225,5
2226,1
2227,1
2228,5
2229,3
2230,3
2231,5
2232,1
2233,4
2234,5
2235,1
2236,5
2237,5
2238,3
2239,3
2240,1
2241,3
2242,5
2243,1
2244,5
2245,2
2246,2
2247,2
2248,2
2249,2
2250,1
2251,3
2252,3
2253,3
2254,2
2255,5
2256,1
2257,2
2258,3
2259,1
2260,3
2261,2
2262,1
2263,3
2264,1
2265,2
2266,1
2267,4
2268,2
2269,2
2270,5
2271,4
2272,1
2273,3
2274,3
2275,5
2276,2
2277,1
2278,4
2279,4
2280,4
2281,2
2282,3
2283,1
2284,3
2285,4
2286,5
2287,1
2288,4
2289,4
2290,4
2291,3
2292,4
2293,3
2294,4
2295,1
2296,2
2297,1
2298,5
2299,3
2300,4
2301,4
2302,5
2303,2
2304,3
2305,4
2306,4
2307,1
2308,5
2309,3
2310,3
2311,5
2312,3
2313,1
2314,2
2315,3
2316,3
2317,3
2318,3
2319,5
2320,5
2321,1
2322,4
2323,1
2324,5
2325,4
2326,2
2327,5
2328,3
2329,2
2330,1
2331,2
2332,3
2333,4
2334,4
2335,5
2336,3
2337,4
2338,4
2339,5
2340,3
2341,4
2342,2
2343,4
2344,3
2345,3
2346,2
2347,5
2348,4
2349,3
2350,5
2351,1
2352,5
2353,3
2354,1
2355,1
2356,1
2357,2
2358,4
2359,5
2360,2
2361,3
2362,1
2363,3
2364,3
2365,1
2366,5
2367,1
2368,5
2369,3
2370,2
2371,3
2372,4
2373,3
2374,5
2375,1
2376,4
2377,3
2378,5
2379,3
2380,1
2381,4
2382,4
2383,1
2384,2
2385,4
2386,1
2387,3
2388,2
2389,4
2390,3
2391,3
2392,5
2393,4
2394,3
2395,2
2396,3
2397,5
2398,3
2399,1
2400,1
2401,5
2402,5
2403,3
2404,2
2405,5
2406,1
2407,3
2408,1
2409,5
2410,3
2411,4
2412,4
2413,5
2414,3
2415,3
2416,3
2417,5
2418,1
2419,5
2420,4
2421,1
2422,3
2423,4
2424,1
2425,4
2426,5
2427,5
2428,3
2429,5
2430,1
2431,4
2432,3
2433,2
2434,5
2435,4
2436,2
2437,5
2438,4
2439,2
2440,5
2441,5
2442,5
2443,4
2444,3
2445,2
2446,1
2447,4
2448,3
2449,3
2450,5
2451,4
2452,1
2453,2
2454,4
2455,5
2456,3
2457,5
2458,5
2459,5
2460,4
2461,5
2462,1
2463,1
2464,4
2465,4
2466,5
2467,3
2468,1
2469,4
2470,5
2471,3
2472,3
2473,4
2474,5
2475,5
2476,4
2477,3
2478,4
2479,5
2480,3
2481,2
2482,1
2483,5
2484,2
2485,1
2486,1
2487,1
2488,2
2489,3
2490,1
2491,5
2492,3
2493,5
2494,2
2495,3
2496,1
2497,3
2498,1
2499,2
2500,5
2501,5
2502,4
2503,3
2504,4
2505,4
2506,2
2507,3
2508,1
2509,4
2510,1
2511,3
2512,3
2513,5
2514,3
2515,2
2516,2
2517,4
2518,5
2519,4
2520,5
2521,4
2522,4
2523,4
2524,3
2525,1
2526,5
2527,1
2528,3
2529,1
2530,3
2531,5
2532,1
2533,5
2534,5
2535,4
2536,5
2537,1
2538,1
2539,3
2540,5
2541,3
2542,3
2543,5
2544,5
2545,5
2546,5
2547,3
2548,3
2549,2
2550,1
2551,3
2552,3
2553,2
2554,3
2555,5
2556,5
2557,5
2558,3
2559,2
2560,2
2561,5
2562,4
2563,1
2564,3
2565,4
2566,3
2567,1
2568,5
2569,2
2570,3
2571,5
2572,3
2573,2
2574,4
2575,3
2576,5
2577,1
2578,4
2579,5
2580,3
2581,4
2582,3
2583,1
2584,1
2585,4
2586,3
2587,5
2588,1
2589,1
2590,4
2591,3
2592,4
2593,3
2594,2
2595,3
2596,1
2597,5
2598,4
2599,4
2600,5
2601,4
2602,2
2603,4
2604,1
2605,5
2606,1
2607,1
2608,1
2609,4
2610,4
2611,3
2612,4
2613,4
2614,4
2615,3
2616,1
2617,3
2618,5
2619,3
2620,5
2621,4
2622,3
2623,1
2624,3
2625,2
2626,4
2627,1
2628,5
2629,3
2630,3
2631,5
2632,3
2633,1
2634,5
2635,5
2636,4
2637,2
2638,3
2639,3
2640,4
2641,3
2642,4
2643,4
2644,3
2645,1
2646,2
2647,3
2648,1
2649,4
2650,3
2651,2
2652,3
2653,1
2654,5
2655,1
2656,5
2657,3
2658,3
2659,5
2660,3
2661,4
2662,3
2663,1
2664,2
2665,1
2666,2
2667,3
2668,5
2669,4
2670,1
2671,3
2672,4
2673,2
2674,4
2675,1
2676,4
2677,4
2678,1
2679,1
2680,3
2681,5
2682,2
2683,3
2684,1
2685,4
2686,3
2687,3
2688,2
2689,5
2690,3
2691,2
2692,3
2693,1
2694,3
2695,1
2696,5
2697,3
2698,2
2699,5
2700,3
2701,5
2702,2
2703,1
2704,3
2705,4
2706,1
2707,1
2708,5
2709,4
2710,5
2711,5
2712,1
2713,1
2714,2
2715,1
2716,3
2717,3
2718,5
2719,5
2720,3
2721,2
2722,1
2723,3
2724,3
2725,4
2726,2
2727,3
2728,1
2729,4
2730,4
2731,5
2732,2
2733,3
2734,5
2735,3
2736,5
2737,1
2738,2
2739,5
2740,5
2741,1
2742,4
2743,4
2744,4
2745,1
2746,4
2747,5
2748,4
2749,3
2750,4
2751,2
2752,1
2753,4
2754,5
2755,1
2756,5
2757,2
2758,5
2759,4
2760,4
2761,1
2762,4
2763,3
2764,1
2765,1
2766,2
2767,5
2768,2
2769,2
2770,3
2771,5
2772,3
2773,5
2774,4
2775,3
2776,5
2777,5
2778,3
2779,2
2780,1
2781,5
2782,5
2783,3
2784,3
2785,2
2786,4
2787,3
2788,3
2789,4
2790,4
2791,1
2792,1
2793,1
2794,4
2795,3
2796,1
2797,1
2798,2
2799,1
2800,1
2801,3
2802,2
2803,4
2804,4
2805,3
2806,2
2807,4
2808,5
2809,5
2810,3
2811,5
2812,3
2813,4
2814,1
2815,5
2816,4
2817,4
2818,1
2819,5
2820,4
2821,5
2822,1
2823,2
2824,1
2825,4
2826,3
2827,3
2828,3
2829,3
2830,5
2831,2
2832,5
2833,1
2834,4
2835,4
2836,5
2837,5
2838,3
2839,1
2840,2
2841,2
2842,1
2843,3
2844,1
2845,5
2846,1
2847,4
2848,5
2849,3
2850,4
2851,2
2852,2
2853,3
2854,5
2855,4
2856,2
2857,5
2858,5
2859,1
2860,4
2861,5
2862,2
2863,5
2864,3
2865,3
2866,5
2867,5
2868,1
2869,5
2870,4
2871,3
2872,5
2873,3
2874,2
2875,2
2876,3
2877,3
2878,4
2879,5
2880,4
2881,3
2882,5
2883,1
2884,3
2885,2
2886,5
2887,5
2888,2
2889,2
2890,5
2891,3
2892,5
2893,4
2894,3
2895,5
2896,5
2897,5
2898,5
2899,1
2900,5
2901,5
2902,4
2903,3
2904,5
2905,1
2906,2
2907,4
2908,5
2909,4
2910,5
2911,3
2912,1
2913,4
2914,5
2915,1
2916,3
2917,1
2918,2
2919,1
2920,2
2921,3
2922,2
2923,5
2924,3
2925,1
2926,4
2927,2
2928,2
2929,3
2930,4
2931,5
2932,4
2933,3
2934,4
2935,2
2936,3
2937,4
2938,4
2939,4
2940,5
2941,4
2942,5
2943,5
2944,2
2945,2
2946,4
2947,3
2948,1
2949,1
2950,4
2951,1
2952,3
2953,4
2954,5
2955,5
2956,1
2957,5
2958,4
2959,1
2960,5
2961,3
2962,3
2963,4
2964,2
2965,4
2966,5
2967,1
2968,1
2969,3
2970,5
2971,4
2972,1
2973,1
2974,1
2975,2
2976,4
2977,2
2978,5
2979,5
2980,3
2981,5
2982,4
2983,4
2984,1
2985,5
2986,5
2987,1
2988,3
2989,4
2990,2
2991,3
2992,3
2993,3
2994,2
2995,1
2996,5
2997,2
2998,3
2999,4
3000,1
3001,1
3002,4
3003,3
3004,1
3005,2
3006,4
3007,5
3008,3
3009,4
3010,5
3011,3
3012,1
3013,2
3014,1
3015,3
3016,2
3017,4
3018,1
3019,3
3020,2
3021,5
3022,4
3023,3
3024,4
3025,5
3026,3
3027,4
3028,2
3029,3
3030,4
3031,3
3032,3
3033,5
3034,5
3035,3
3036,4
3037,2
3038,3
3039,3
3040,5
3041,4
3042,2
3043,4
3044,2
3045,4
3046,1
3047,2
3048,4
3049,3
3050,3
3051,4
3052,3
3053,3
3054,3
3055,1
3056,5
3057,4
3058,4
3059,4
3060,5
3061,4
3062,5
3063,4
3064,1
3065,3
3066,4
3067,2
3068,4
3069,5
3070,5
3071,5
3072,3
3073,5
3074,3
3075,1
3076,4
3077,3
3078,4
3079,5
3080,2
3081,4
3082,2
3083,3
3084,1
3085,2
3086,3
3087,4
3088,4
3089,4
3090,4
3091,2
3092,2
3093,4
3094,1
3095,5
3096,5
3097,3
3098,3
3099,5
3100,1
3101,3
3102,5
3103,3
3104,1
3105,5
3106,4
3107,1
3108,4
3109,4
3110,4
3111,1
3112,5
3113,3
3114,3
3115,3
3116,5
3117,3
3118,3
3119,2
3120,3
3121,4
3122,4
3123,2
3124,2
3125,3
3126,5
3127,1
3128,4
3129,1
3130,3
3131,5
3132,3
3133,4
3134,4
3135,1
3136,3
3137,1
3138,3
3139,1
3140,2
3141,3
3142,2
3143,5
3144,5
3145,1
3146,1
3147,5
3148,3
3149,3
3150,2
3151,3
3152,3
3153,5
3154,1
3155,2
3156,3
3157,3
3158,3
3159,3
3160,2
3161,5
3162,1
3163,3
3164,3
3165,5
3166,4
3167,1
3168,2
3169,2
3170,4
3171,4
3172,3
3173,2
3174,4
3175,5
3176,1
3177,1
3178,4
3179,4
3180,5
3181,3
3182,4
3183,4
3184,1
3185,1
3186,4
3187,5
3188,4
3189,5
3190,3
3191,3
3192,3
3193,3
3194,3
3195,4
3196,3
3197,5
3198,5
3199,1
3200,1
3201,3
3202,4
3203,3
3204,3
3205,4
3206,4
3207,3
3208,2
3209,3
3210,4
3211,5
3212,1
3213,1
3214,3
3215,5
3216,3
3217,4
3218,4
3219,3
3220,5
3221,5
3222,5
3223,1
3224,3
3225,4
3226,3
3227,1
3228,4
3229,3
3230,5
3231,5
3232,1
3233,3
3234,4
3235,4
3236,3
3237,5
3238,3
3239,4
3240,4
3241,1
3242,4
3243,5
3244,3
3245,4
3246,4
3247,3
3248,3
3249,4
3250,5
3251,3
3252,2
3253,5
3254,5
3255,4
3256,4
3257,5
3258,3
3259,3
3260,4
3261,3
3262,1
3263,1
3264,2
3265,4
3266,5
3267,1
3268,1
3269,3
3270,3
3271,1
3272,1
3273,4
3274,5
3275,4
3276,4
3277,3
3278,3
3279,4
3280,3
3281,3
3282,4
3283,4
3284,1
3285,3
3286,2
3287,5
3288,5
3289,4
3290,5
3291,1
3292,5
3293,2
3294,5
3295,1
3296,1
3297,3
3298,1
3299,3
3300,4
3301,2
3302,3
3303,5
3304,5
3305,3
3306,4
3307,5
3308,5
3309,5
3310,4
3311,5
3312,1
3313,5
3314,3
3315,4
3316,3
3317,3
3318,5
3319,4
3320,1
3321,5
3322,3
3323,5
3324,5
3325,2
3326,3
3327,1
3328,4
3329,1
3330,4
3331,4
3332,2
3333,3
3334,5
3335,5
3336,5
3337,1
3338,3
3339,2
3340,5
3341,3
3342,1
3343,5
3344,5
3345,2
3346,1
3347,2
3348,5
3349,3
3350,5
3351,3
3352,2
3353,3
3354,5
3355,3
3356,2
3357,1
3358,4
3359,1
3360,3
3361,5
3362,1
3363,4
3364,5
3365,2
3366,5
3367,4
3368,1
3369,4
3370,5
3371,1
3372,1
3373,2
3374,1
3375,5
3376,2
3377,2
3378,2
3379,3
3380,5
3381,3
3382,1
3383,3
3384,3
3385,4
3386,5
3387,5
3388,3
3389,2
3390,1
3391,3
3392,2
3393,5
3394,2
3395,2
3396,5
3397,2
3398,4
3399,3
3400,3
3401,3
3402,5
3403,3
3404,4
3405,1
3406,3
3407,5
3408,1
3409,4
3410,2
3411,3
3412,2
3413,4
3414,2
3415,5
3416,3
3417,3
3418,4
3419,2
3420,3
3421,1
3422,5
3423,5
3424,4
3425,1
3426,3
3427,1
3428,1
3429,5
3430,3
3431,4
3432,5
3433,2
3434,1
3435,2
3436,5
3437,5
3438,5
3439,5
3440,5
3441,5
3442,1
3443,5
3444,3
3445,2
3446,5
3447,5
3448,5
3449,4
3450,4